state,district,average_annual_rainfall,average_temperature,average_humidity
ANDAMAN AND NICOBAR ISLANDS,NICOBAR,2805.2,27.2,80.0
ANDAMAN AND NICOBAR ISLANDS,SOUTH ANDAMAN,3015.7,27.2,80.0
ANDAMAN AND NICOBAR ISLANDS,NORTH AND MIDDLE ANDAMAN,2913.3,27.475,74.0
ARUNACHAL PRADESH,LOHIT,3043.8,15.03,45.725
ARUNACHAL PRADESH,EAST SIANG,4034.7,18.3,34.0
ARUNACHAL PRADESH,UPPER SUBANSIRI,1300.4,15.03,45.725
ARUNACHAL PRADESH,TIRAP,3571.5,15.03,45.725
ARUNACHAL PRADESH,ANJAW,3043.8,15.03,45.725
ARUNACHAL PRADESH,LOWER DIBANG,2553.3,15.03,45.725
ARUNACHAL PRADESH,CHANGLANG,3543.9,15.03,45.725
ARUNACHAL PRADESH,PAPUM PARE,3378.2,38.2,23.0
ARUNACHAL PRADESH,LOWER SUBANSIRI,1921.1,15.03,45.725
ARUNACHAL PRADESH,UPPER SIANG,4402.1,15.03,45.725
ARUNACHAL PRADESH,WEST SIANG,2440.7,18.3,34.0
ARUNACHAL PRADESH,UPPER DIBANG VALLEY,2553.3,15.03,45.725
ARUNACHAL PRADESH,WEST KAMENG,3399.4,24.4,37.0
ARUNACHAL PRADESH,EAST KAMENG,2030.9,24.4,37.0
ARUNACHAL PRADESH,TAWANG,3399.4,15.03,45.725
ARUNACHAL PRADESH,KURUNG KUMEY,2221.5,-21.5,93.0
ASSAM,CACHAR,2999.2,27.0,61.0
ASSAM,DARRANG,1957.8,18.9,64.0
ASSAM,GOALPARA,2575.3,19.3075,56.9
ASSAM,KAMRUP,1813.4,19.3075,56.9
ASSAM,LAKHIMPUR,2859.3,19.3075,56.9
ASSAM,DIMA HASAO,1977.5,19.3075,56.9
ASSAM,NAGAON,1660.1,19.3075,56.9
ASSAM,SIVASAGAR,1811.6,19.3075,56.9
ASSAM,BARPETA,3274.6,15.4,73.0
ASSAM,DHUBRI,2702.6,17.3,60.0
ASSAM,DIBRUGARH,2556.6,19.3075,56.9
ASSAM,JORHAT,2083.0,19.3075,56.9
ASSAM,KARIMGANJ,3650.8,19.3075,56.9
ASSAM,KOKRAJHAR,3772.2,19.3075,56.9
ASSAM,SONITPUR,1978.5,19.3075,56.9
ASSAM,GOLAGHAT,1680.7,19.3075,56.9
ASSAM,TINSUKIA,2485.3,19.3075,56.9
ASSAM,HAILAKANDI,2645.6,19.3075,56.9
ASSAM,DHEMAJI,2859.3,19.3075,56.9
ASSAM,KARBI ANGLONG,1341.0,19.3075,56.9
ASSAM,UDALGURI,1957.8,19.3075,56.9
ASSAM,KAMRUP METROPOLITAN,1813.4,19.3075,56.9
ASSAM,CHIRANG,3218.7,19.3075,56.9
ASSAM,BAKSA,3274.6,19.3075,56.9
ASSAM,BONGAIGAON,3218.7,16.6,75.0
ASSAM,MORIGAON,1743.5,19.3075,56.9
ASSAM,NALBARI,2356.6,19.3075,56.9
MEGHALAYA,EAST KHASI HILLS,6166.1,14.328125,53.46875
MEGHALAYA,JAINTIA HILLS,6379.9,20.2,78.0
MEGHALAYA,EAST GARO HILLS,2554.4,14.328125,53.46875
MEGHALAYA,RI-BHOI,2116.9,14.328125,53.46875
MEGHALAYA,SOUTH GARO HILLS,2459.8,14.328125,53.46875
MEGHALAYA,WEST KHASI HILLS,3643.0,14.328125,53.46875
MEGHALAYA,WEST GARO HILLS,2459.8,14.328125,53.46875
MANIPUR,IMPHAL EAST,1839.2,7.5,65.0
MANIPUR,SENAPATI,1922.6,18.68,59.85
MANIPUR,TAMENGLONG,7229.3,18.68,59.85
MANIPUR,CHANDEL,2647.5,18.68,59.85
MANIPUR,UKHRUL,1549.0,18.68,59.85
MANIPUR,THOUBAL,1286.3,18.68,59.85
MANIPUR,BISHNUPUR,2127.5,19.0,88.0
MANIPUR,IMPHAL WEST,1530.9,7.5,65.0
MANIPUR,CHURACHANDPUR,2337.4,8.5,71.0
MIZORAM,AIZAWL,2814.4,13.2,61.0
MIZORAM,CHAMPHAI,2168.6,27.0,61.0
MIZORAM,KOLASIB,2660.0,27.0,61.0
MIZORAM,LUNGLEI,2731.1,11.5,52.0
MIZORAM,CHHIMTUIPUI,2814.4,18.102777777777774,50.75
MIZORAM,LAWNGTLAI,2557.6,11.7,48.0
MIZORAM,MAMIT,2814.4,8.9,61.0
MIZORAM,SAIHA,2480.6,18.102777777777774,50.75
MIZORAM,SERCHHIP,2505.8,11.9,52.0
NAGALAND,KOHIMA,1824.8,8.7,52.0
NAGALAND,TUENSANG,2080.0,6.8,97.0
NAGALAND,MOKOKCHUNG,2409.8,12.8,81.0
NAGALAND,DIMAPUR,1305.9,12.7,63.0
NAGALAND,WOKHA,2497.7,15.975,62.225
NAGALAND,MON,1339.9,16.1,78.0
NAGALAND,ZUNHEBOTO,2080.0,9.2,88.0
NAGALAND,PHEK,1824.8,7.0,93.0
NAGALAND,KIPHIRE,2080.0,15.975,62.225
NAGALAND,LONGLENG,2080.0,27.0,61.0
NAGALAND,PEREN,1824.8,6.2,75.0
TRIPURA,NORTH TRIPURA,2641.8,15.4,54.0
TRIPURA,SOUTH TRIPURA,2475.4,15.4,54.0
TRIPURA,WEST TRIPURA,2286.7,15.4,54.0
TRIPURA,DHALAI,2512.6,13.2,69.0
WEST BENGAL,COOCH BEHAR,3443.7,17.8,64.0
WEST BENGAL,DARJEELING,3118.5,21.6025,48.7
WEST BENGAL,JALPAIGURI,3468.3,17.3,68.0
WEST BENGAL,MALDA,1419.4,21.6025,48.7
WEST BENGAL,DAKSHIN DINAJPUR,1584.9,21.6025,48.7
WEST BENGAL,UTTAR DINAJPUR,1727.6,21.6025,48.7
SIKKIM,NORTH SIKKIM,3094.5,7.1,84.0
SIKKIM,EAST SIKKIM,2582.2,7.1,84.0
SIKKIM,WEST SIKKIM,3094.5,7.1,84.0
SIKKIM,SOUTH SIKKIM,2582.2,7.1,84.0
WEST BENGAL,BANKURA,1330.9,19.1,50.0
WEST BENGAL,BIRBHUM,1392.8,27.0,61.0
WEST BENGAL,BURDWAN,1315.2,19.0,52.0
WEST BENGAL,HOOGHLY,1418.7,19.0,88.0
WEST BENGAL,HOWRAH,1600.0,19.0,88.0
WEST BENGAL,PURULIA,1363.3,21.6025,48.7
WEST BENGAL,MURSHIDABAD,1391.1,21.6025,48.7
WEST BENGAL,NADIA,1261.6,21.6025,48.7
WEST BENGAL,NORTH 24 PARGANAS,1559.8,21.6025,48.7
WEST BENGAL,SOUTH 24 PARGANAS,2088.0,21.6025,48.7
WEST BENGAL,PURBA MEDINIPUR,1669.6,21.6025,48.7
WEST BENGAL,PASCHIM MEDINIPUR,1535.5,21.6025,48.7
WEST BENGAL,KOLKATA,1709.2,21.6025,48.7
ODISHA,BALASORE,1679.0,19.37040157404953,51.673764245958125
ODISHA,BALANGIR,1370.8,19.37040157404953,51.673764245958125
ODISHA,KANDHAMAL,1448.3,19.37040157404953,51.673764245958125
ODISHA,CUTTACK,1519.7,19.37040157404953,51.673764245958125
ODISHA,DHENKANAL,1469.0,19.37040157404953,51.673764245958125
ODISHA,GANJAM,1304.5,19.37040157404953,51.673764245958125
ODISHA,KALAHANDI,1403.0,19.37040157404953,51.673764245958125
ODISHA,KEONJHAR,1436.7,19.37040157404953,51.673764245958125
ODISHA,KORAPUT,1622.5,19.37040157404953,51.673764245958125
ODISHA,MAYURBHANJ,1660.7,19.37040157404953,51.673764245958125
ODISHA,PURI,1416.2,19.37040157404953,51.673764245958125
ODISHA,SAMBALPUR,1533.5,19.37040157404953,51.673764245958125
ODISHA,SUNDARGARH,1347.8,19.37040157404953,51.673764245958125
ODISHA,BHADRAK,1507.4,19.37040157404953,51.673764245958125
ODISHA,JAJPUR,1541.3,19.37040157404953,51.673764245958125
ODISHA,KENDRAPARA,1540.6,19.37040157404953,51.673764245958125
ODISHA,ANGUL,1362.0,19.37040157404953,51.673764245958125
ODISHA,NUAPADA,1197.4,19.37040157404953,51.673764245958125
ODISHA,MALKANGIRI,1572.7,19.37040157404953,51.673764245958125
ODISHA,NABARANGPUR,1660.5,19.37040157404953,51.673764245958125
ODISHA,NAYAGARH,1450.1,19.37040157404953,51.673764245958125
ODISHA,KHURDA,1469.5,19.37040157404953,51.673764245958125
ODISHA,BARGARH,1264.9,19.37040157404953,51.673764245958125
ODISHA,JHARSUGUDA,1474.3,19.37040157404953,51.673764245958125
ODISHA,DEOGARH,1533.5,19.37040157404953,51.673764245958125
ODISHA,RAYAGADA,1326.9,19.37040157404953,51.673764245958125
ODISHA,GAJAPATI,1462.1,19.37040157404953,51.673764245958125
ODISHA,JAGATSINGHPUR,1565.0,19.37040157404953,51.673764245958125
ODISHA,BOUDH,1448.3,19.37040157404953,51.673764245958125
ODISHA,SUBARNAPUR,1395.4,19.37040157404953,51.673764245958125
JHARKHAND,BOKARO,1247.5,18.0,42.0
JHARKHAND,DHANBAD,1355.2,19.0,40.0
JHARKHAND,DUMKA,1381.5,17.2,44.0
JHARKHAND,HAZARIBAG,1196.0,19.58,43.025
JHARKHAND,PALAMU,1095.9,19.58,43.025
JHARKHAND,RANCHI,1403.2,19.58,43.025
JHARKHAND,SAHIBGANJ,1553.7,19.58,43.025
JHARKHAND,WEST SINGHBHUM,1305.6,19.58,43.025
JHARKHAND,DEOGHAR,1162.1,17.4,46.0
JHARKHAND,GIRIDIH,1252.7,18.0,43.0
JHARKHAND,GODDA,1144.4,15.7,52.0
JHARKHAND,GUMLA,1421.3,16.3,48.0
JHARKHAND,LOHARDAGA,1197.1,19.58,43.025
JHARKHAND,CHATRA,1171.9,15.4,54.0
JHARKHAND,KODERMA,1116.2,19.58,43.025
JHARKHAND,PAKUR,1612.4,19.58,43.025
JHARKHAND,EAST SINGHBHUM,1292.7,19.58,43.025
JHARKHAND,GARHWA,1041.8,17.2,54.0
JHARKHAND,SERAIKELA KHARSAWAN,1359.6,19.58,43.025
JHARKHAND,JAMTARA,1476.0,19.58,43.025
JHARKHAND,LATEHAR,1191.5,19.58,43.025
JHARKHAND,SIMDEGA,1573.1,19.58,43.025
JHARKHAND,KHUNTI,1482.8,19.58,43.025
JHARKHAND,RAMGARH,1248.3,19.58,43.025
BIHAR,BHAGALPUR,1207.9,15.3,55.0
BIHAR,EAST CHAMPARAN,1197.7,19.4,86.0
BIHAR,DARBHANGA,1123.6,14.8,54.0
BIHAR,GAYA,1003.9,18.442500000000003,50.575
BIHAR,MUNGER,1146.8,18.442500000000003,50.575
BIHAR,MUZAFFARPUR,1154.5,18.442500000000003,50.575
BIHAR,WEST CHAMPARAN,1472.0,18.442500000000003,50.575
BIHAR,PURNEA,1598.2,18.442500000000003,50.575
BIHAR,GOPALGANJ,1135.5,18.442500000000003,50.575
BIHAR,MADHUBANI,1293.3,18.442500000000003,50.575
BIHAR,AURANGABAD,974.9,21.3,73.0
BIHAR,BEGUSARAI,1090.7,14.5,57.0
BIHAR,BHOJPUR,1051.5,14.2,47.0
BIHAR,NALANDA,1002.2,18.442500000000003,50.575
BIHAR,PATNA,1074.8,18.442500000000003,50.575
BIHAR,KATIHAR,1342.7,18.442500000000003,50.575
BIHAR,KHAGARIA,1233.9,18.442500000000003,50.575
BIHAR,SARAN,1123.8,18.442500000000003,50.575
BIHAR,MADHEPURA,1392.7,18.442500000000003,50.575
BIHAR,NAWADA,1041.8,18.442500000000003,50.575
BIHAR,ROHTAS,949.1,18.442500000000003,50.575
BIHAR,SAMASTIPUR,1192.3,18.442500000000003,50.575
BIHAR,SITAMARHI,1293.1,18.442500000000003,50.575
BIHAR,SIWAN,1135.4,18.442500000000003,50.575
BIHAR,VAISHALI,1176.5,18.442500000000003,50.575
BIHAR,JAHANABAD,936.6,18.442500000000003,50.575
BIHAR,BUXAR,975.4,15.3,62.0
BIHAR,ARARIA,1632.2,15.8,52.0
BIHAR,BANKA,1054.5,15.7,52.0
BIHAR,KAIMUR,1126.3,18.442500000000003,50.575
BIHAR,JAMUI,1107.3,18.442500000000003,50.575
BIHAR,KISHANGANJ,2090.6,18.442500000000003,50.575
BIHAR,SHEIKHPURA,1008.4,18.442500000000003,50.575
BIHAR,SUPAUL,1273.8,18.442500000000003,50.575
BIHAR,LAKHISARAI,1146.8,18.442500000000003,50.575
BIHAR,SHEOHAR,1293.1,18.442500000000003,50.575
BIHAR,ARWAL,874.4,15.2,94.0
BIHAR,SAHARSA,1692.9,18.442500000000003,50.575
UTTAR PRADESH,ALLAHABAD,902.6,17.3,51.0
UTTAR PRADESH,AZAMGARH,1058.3,15.5,54.0
UTTAR PRADESH,BAHRAICH,1148.6,16.0,60.0
UTTAR PRADESH,BALLIA,928.2,17.6875,46.45
UTTAR PRADESH,BANDA,943.2,17.6875,46.45
UTTAR PRADESH,BARABANKI,1055.4,17.6875,46.45
UTTAR PRADESH,BASTI,1062.7,17.6875,46.45
UTTAR PRADESH,DEORIA,1087.0,17.6875,46.45
UTTAR PRADESH,FAIZABAD,1114.0,17.6875,46.45
UTTAR PRADESH,FARRUKHABAD,853.3,17.6875,46.45
UTTAR PRADESH,FATEHPUR,915.2,17.6875,46.45
UTTAR PRADESH,GHAZIPUR,995.8,17.6875,46.45
UTTAR PRADESH,GONDA,1160.1,17.6875,46.45
UTTAR PRADESH,GORAKHPUR,1338.3,17.6875,46.45
UTTAR PRADESH,HARDOI,918.2,17.6875,46.45
UTTAR PRADESH,JAUNPUR,968.1,17.6875,46.45
UTTAR PRADESH,KANPUR NAGAR,806.4,17.6875,46.45
UTTAR PRADESH,LAKHIMPUR KHERI,1085.3,17.6875,46.45
UTTAR PRADESH,LUCKNOW,885.3,17.6875,46.45
UTTAR PRADESH,MIRZAPUR,1003.2,17.6875,46.45
UTTAR PRADESH,PRATAPGARH,943.6,17.6875,46.45
UTTAR PRADESH,RAE BARELI,853.0,17.6875,46.45
UTTAR PRADESH,SITAPUR,1003.3,17.6875,46.45
UTTAR PRADESH,SULTANPUR,944.5,17.6875,46.45
UTTAR PRADESH,UNNAO,907.2,17.6875,46.45
UTTAR PRADESH,VARANASI,1037.6,17.6875,46.45
UTTAR PRADESH,SONBHADRA,1025.1,17.6875,46.45
UTTAR PRADESH,MAHARAJGANJ,1389.1,17.6875,46.45
UTTAR PRADESH,MAU,1121.3,17.6875,46.45
UTTAR PRADESH,SIDDHARTHNAGAR,1145.7,17.6875,46.45
UTTAR PRADESH,KUSHINAGAR,1326.6,17.6875,46.45
UTTAR PRADESH,AMBEDKAR NAGAR,1013.3,16.6,52.0
UTTAR PRADESH,KANNAUJ,902.3,17.6875,46.45
UTTAR PRADESH,BALRAMPUR,1247.9,17.6875,46.45
UTTAR PRADESH,KAUSHAMBI,861.7,17.6875,46.45
UTTAR PRADESH,SANT RAVIDAS NAGAR,986.3,17.6875,46.45
UTTAR PRADESH,KANPUR DEHAT,857.2,17.6875,46.45
UTTAR PRADESH,CHANDAULI,949.6,17.6875,46.45
UTTAR PRADESH,SANT KABIR NAGAR,1110.6,17.6875,46.45
UTTAR PRADESH,SANT RAVIDAS NAGAR,949.6,17.6875,46.45
UTTAR PRADESH,SHRAVASTI,1148.6,17.6875,46.45
UTTAR PRADESH,AGRA,774.6,15.0,56.0
UTTAR PRADESH,ALIGARH,771.0,15.8,43.0
UTTAR PRADESH,BAREILLY,996.6,17.6875,46.45
UTTAR PRADESH,BIJNOR,1083.1,17.6875,46.45
UTTAR PRADESH,BADAUN,884.8,17.6875,46.45
UTTAR PRADESH,BULANDSHAHAR,779.0,17.6875,46.45
UTTAR PRADESH,ETAH,714.4,17.6875,46.45
UTTAR PRADESH,ETAWAH,829.6,17.6875,46.45
UTTAR PRADESH,HAMIRPUR,881.8,17.6875,46.45
UTTAR PRADESH,JALAUN,871.5,17.6875,46.45
UTTAR PRADESH,JHANSI,931.5,17.6875,46.45
UTTAR PRADESH,LALITPUR,1034.6,17.6875,46.45
UTTAR PRADESH,MAINPURI,748.4,17.6875,46.45
UTTAR PRADESH,MATHURA,655.9,17.6875,46.45
UTTAR PRADESH,MEERUT,918.0,17.6875,46.45
UTTAR PRADESH,MORADABAD,992.9,17.6875,46.45
UTTAR PRADESH,MUZAFFARNAGAR,869.1,17.6875,46.45
UTTAR PRADESH,PILIBHIT,1155.4,17.6875,46.45
UTTAR PRADESH,RAMPUR,1057.6,17.6875,46.45
UTTAR PRADESH,SAHARANPUR,963.9,17.6875,46.45
UTTAR PRADESH,SHAHJAHANPUR,1010.8,17.6875,46.45
UTTAR PRADESH,GHAZIABAD,766.3,17.6875,46.45
UTTAR PRADESH,FIROZABAD,765.5,17.6875,46.45
UTTAR PRADESH,MAHOBA,853.1,17.6875,46.45
UTTAR PRADESH,HATHRAS,710.8,17.6875,46.45
UTTAR PRADESH,AURAIYA,811.9,16.0,65.0
UTTAR PRADESH,BAGPAT,646.1,17.6875,46.45
UTTAR PRADESH,AMROHA,917.4,17.6875,46.45
UTTAR PRADESH,GAUTAM BUDDHA NAGAR,669.3,17.6875,46.45
UTTAR PRADESH,KASGANJ,818.4,17.6875,46.45
UTTARAKHAND,ALMORA,1157.3,19.37040157404953,51.673764245958125
UTTARAKHAND,CHAMOLI,1267.0,19.37040157404953,51.673764245958125
UTTARAKHAND,DEHRADUN,2123.9,19.37040157404953,51.673764245958125
UTTARAKHAND,PAURI GARHWAL,1464.0,19.37040157404953,51.673764245958125
UTTARAKHAND,NAINITAL,1743.7,19.37040157404953,51.673764245958125
UTTARAKHAND,PITHORAGARH,2098.0,19.37040157404953,51.673764245958125
UTTARAKHAND,TEHRI GARHWAL,1385.0,19.37040157404953,51.673764245958125
UTTARAKHAND,UTTARKASHI,1625.7,19.37040157404953,51.673764245958125
UTTARAKHAND,HARIDWAR,1143.9,19.37040157404953,51.673764245958125
UTTARAKHAND,CHAMPAWAT,1623.9,19.37040157404953,51.673764245958125
UTTARAKHAND,RUDRAPRAYAG,2150.9,19.37040157404953,51.673764245958125
UTTARAKHAND,UDHAM SINGH NAGAR,1313.9,19.37040157404953,51.673764245958125
UTTARAKHAND,BAGESHWAR,1157.3,19.37040157404953,51.673764245958125
HARYANA,AMBALA,1104.7,12.3,42.0
HARYANA,GURGAON,544.0,17.307499999999997,41.825
HARYANA,HISAR,401.4,14.4,36.0
HARYANA,JIND,509.1,13.0,38.0
HARYANA,KARNAL,714.4,17.307499999999997,41.825
HARYANA,MAHENDRAGARH,476.2,17.307499999999997,41.825
HARYANA,ROHTAK,618.0,17.307499999999997,41.825
HARYANA,BHIWANI,419.5,14.1,37.0
HARYANA,FARIDABAD,697.6,15.0,72.0
HARYANA,KURUKSHETRA,691.4,17.307499999999997,41.825
HARYANA,SIRSA,313.5,17.307499999999997,41.825
HARYANA,SONIPAT,644.2,17.307499999999997,41.825
HARYANA,YAMUNANAGAR,1107.0,17.307499999999997,41.825
HARYANA,KAITHAL,466.5,11.9,41.0
HARYANA,PANIPAT,624.1,17.307499999999997,41.825
HARYANA,REWARI,492.2,17.307499999999997,41.825
HARYANA,FATEHABAD,364.6,13.4,40.0
HARYANA,JHAJJAR,489.0,15.0,72.0
HARYANA,PANCHKULA,1148.2,17.307499999999997,41.825
HARYANA,MEWAT,572.0,17.307499999999997,41.825
HARYANA,PALWAL,508.1,17.307499999999997,41.825
CHANDIGARH,CHANDIGARH,1070.6,12.1,40.0
DELHI,NEW DELHI,747.1,15.3,72.0
DELHI,CENTRAL DELHI,747.1,15.3,72.0
DELHI,EAST DELHI,747.1,15.3,72.0
DELHI,NORTH DELHI,747.1,15.3,72.0
DELHI,NE DELHI,747.1,17.6375,45.325
DELHI,SW DELHI,747.1,17.6375,45.325
DELHI,NW DELHI,747.1,17.6375,45.325
DELHI,SOUTH DELHI,747.1,15.3,72.0
DELHI,WEST DELHI,747.1,17.6375,45.325
PUNJAB,AMRITSAR,721.7,10.3,82.0
PUNJAB,BATHINDA,407.9,27.0,61.0
PUNJAB,FEROZEPUR,455.6,11.4,32.0
PUNJAB,GURDASPUR,1112.5,10.4,41.0
PUNJAB,HOSHIARPUR,933.1,11.1,43.0
PUNJAB,JALANDHAR,719.1,10.6,38.0
PUNJAB,KAPURTHALA,568.0,15.7725,38.95
PUNJAB,LUDHIANA,685.6,15.7725,38.95
PUNJAB,PATIALA,752.0,15.7725,38.95
PUNJAB,RUPNAGAR,956.5,15.7725,38.95
PUNJAB,SANGRUR,557.4,15.7725,38.95
PUNJAB,FARIDKOT,415.6,11.6,32.0
PUNJAB,MOGA,460.6,15.7725,38.95
PUNJAB,SHAHID BHAGAT SINGH NAGAR,1005.6,15.7725,38.95
PUNJAB,FATEHGARH SAHIB,683.1,15.7725,38.95
PUNJAB,MUKTSAR,399.5,15.7725,38.95
PUNJAB,MANSA,419.8,15.7725,38.95
PUNJAB,BARNALA,449.4,10.9,37.0
PUNJAB,SAS NAGAR,818.7,15.7725,38.95
PUNJAB,TARN TARAN,449.2,15.7725,38.95
HIMACHAL PRADESH,BILASPUR,1197.2,19.37040157404953,51.673764245958125
HIMACHAL PRADESH,CHAMBA,1997.1,19.37040157404953,51.673764245958125
HIMACHAL PRADESH,KANGRA,2019.8,19.37040157404953,51.673764245958125
HIMACHAL PRADESH,KINNAUR,836.4,19.37040157404953,51.673764245958125
HIMACHAL PRADESH,KULLU,1088.1,19.37040157404953,51.673764245958125
HIMACHAL PRADESH,LAHAUL AND SPITI,1248.8,19.37040157404953,51.673764245958125
HIMACHAL PRADESH,MANDI,1506.9,19.37040157404953,51.673764245958125
HIMACHAL PRADESH,HAMIRPUR,1428.2,19.37040157404953,51.673764245958125
HIMACHAL PRADESH,SHIMLA,1041.4,19.37040157404953,51.673764245958125
HIMACHAL PRADESH,SIRMAUR,1618.3,19.37040157404953,51.673764245958125
HIMACHAL PRADESH,SOLAN,1366.2,19.37040157404953,51.673764245958125
HIMACHAL PRADESH,UNA,1110.7,19.37040157404953,51.673764245958125
JAMMU AND KASHMIR,ANANTNAG,969.6,19.37040157404953,51.673764245958125
JAMMU AND KASHMIR,BARAMULLA,1132.0,19.37040157404953,51.673764245958125
JAMMU AND KASHMIR,DODA,1335.5,19.37040157404953,51.673764245958125
JAMMU AND KASHMIR,JAMMU,1211.3,19.37040157404953,51.673764245958125
JAMMU AND KASHMIR,KATHUA,1268.2,19.37040157404953,51.673764245958125
JAMMU AND KASHMIR,LEH,94.6,19.37040157404953,51.673764245958125
JAMMU AND KASHMIR,UDHAMPUR,1973.9,19.37040157404953,51.673764245958125
JAMMU AND KASHMIR,BUDGAM,671.7,19.37040157404953,51.673764245958125
JAMMU AND KASHMIR,KUPWARA,1132.7,19.37040157404953,51.673764245958125
JAMMU AND KASHMIR,PULWAMA,504.6,19.37040157404953,51.673764245958125
JAMMU AND KASHMIR,SRINAGAR,673.6,19.37040157404953,51.673764245958125
JAMMU AND KASHMIR,KARGIL,223.3,19.37040157404953,51.673764245958125
JAMMU AND KASHMIR,POONCH,1474.1,19.37040157404953,51.673764245958125
JAMMU AND KASHMIR,RAJOURI,957.2,19.37040157404953,51.673764245958125
JAMMU AND KASHMIR,BANDIPORE,700.4,19.37040157404953,51.673764245958125
JAMMU AND KASHMIR,GANDERWAL,673.6,19.37040157404953,51.673764245958125
JAMMU AND KASHMIR,KULGAM,878.9,19.37040157404953,51.673764245958125
JAMMU AND KASHMIR,SHOPIAN,818.7,19.37040157404953,51.673764245958125
JAMMU AND KASHMIR,SAMBA,1211.3,19.37040157404953,51.673764245958125
JAMMU AND KASHMIR,KISHTWAR,1335.5,19.37040157404953,51.673764245958125
JAMMU AND KASHMIR,REASI,1796.5,19.37040157404953,51.673764245958125
JAMMU AND KASHMIR,RAMBAN,1328.4,19.37040157404953,51.673764245958125
RAJASTHAN,BARMER,268.6,15.9,29.0
RAJASTHAN,BIKANER,274.0,16.4,33.0
RAJASTHAN,CHURU,369.6,17.1,32.0
RAJASTHAN,SRI GANGANAGAR,252.9,19.86,42.55
RAJASTHAN,JAISALMER,181.2,19.86,42.55
RAJASTHAN,JALORE,427.1,19.86,42.55
RAJASTHAN,JODHPUR,308.1,19.86,42.55
RAJASTHAN,NAGAUR,394.1,19.86,42.55
RAJASTHAN,PALI,485.7,19.86,42.55
RAJASTHAN,HANUMANGARH,301.6,19.86,42.55
RAJASTHAN,AJMER,462.2,15.3,35.0
RAJASTHAN,ALWAR,630.9,14.1,43.0
RAJASTHAN,BANSWARA,883.0,18.3,41.0
RAJASTHAN,BHARATPUR,621.1,19.86,42.55
RAJASTHAN,BHILWARA,630.2,14.2,33.0
RAJASTHAN,BUNDI,705.6,15.2,35.0
RAJASTHAN,CHITTORGARH,765.3,27.0,61.0
RAJASTHAN,DUNGARPUR,677.8,19.86,42.55
RAJASTHAN,JAIPUR,577.2,19.86,42.55
RAJASTHAN,JHALAWAR,920.2,19.86,42.55
RAJASTHAN,JHUNJHUNU,481.0,19.86,42.55
RAJASTHAN,KOTA,807.9,19.86,42.55
RAJASTHAN,SAWAI MADHOPUR,721.0,19.86,42.55
RAJASTHAN,SIKAR,463.8,19.86,42.55
RAJASTHAN,SIROHI,913.4,19.86,42.55
RAJASTHAN,TONK,613.9,19.86,42.55
RAJASTHAN,UDAIPUR,639.7,19.86,42.55
RAJASTHAN,DHOLPUR,722.1,19.86,42.55
RAJASTHAN,BARAN,852.7,17.0,67.0
RAJASTHAN,DAUSA,674.8,19.86,42.55
RAJASTHAN,RAJSAMAND,554.5,19.86,42.55
RAJASTHAN,KARAULI,696.2,19.86,42.55
RAJASTHAN,PRATAPGARH,915.3,19.86,42.55
MADHYA PRADESH,BETUL,1028.8,19.1,47.0
MADHYA PRADESH,VIDISHA,1084.8,20.77,40.725
MADHYA PRADESH,BHIND,763.4,16.8,60.0
MADHYA PRADESH,DATIA,860.2,20.77,40.725
MADHYA PRADESH,DEWAS,1031.4,20.77,40.725
MADHYA PRADESH,DHAR,886.1,20.77,40.725
MADHYA PRADESH,GUNA,1028.3,20.77,40.725
MADHYA PRADESH,GWALIOR,885.9,20.77,40.725
MADHYA PRADESH,NARMADAPURAM,1392.2,20.77,40.725
MADHYA PRADESH,INDORE,917.3,20.77,40.725
MADHYA PRADESH,JHABUA,812.8,20.77,40.725
MADHYA PRADESH,MANDSAUR,850.1,20.77,40.725
MADHYA PRADESH,MORENA,777.0,20.77,40.725
MADHYA PRADESH,EAST NIMAR,940.0,20.77,40.725
MADHYA PRADESH,WEST NIMAR,826.9,20.77,40.725
MADHYA PRADESH,RAISEN,1200.5,20.77,40.725
MADHYA PRADESH,RAJGARH,966.7,20.77,40.725
MADHYA PRADESH,RATLAM,947.8,20.77,40.725
MADHYA PRADESH,SEHORE,1152.6,20.77,40.725
MADHYA PRADESH,SHAJAPUR,949.4,20.77,40.725
MADHYA PRADESH,SHIVPURI,859.4,20.77,40.725
MADHYA PRADESH,UJJAIN,905.7,20.77,40.725
MADHYA PRADESH,BHOPAL,1087.7,16.9,61.0
MADHYA PRADESH,HARDA,1128.3,20.77,40.725
MADHYA PRADESH,NEEMUCH,813.8,20.77,40.725
MADHYA PRADESH,SHEOPUR,791.9,20.77,40.725
MADHYA PRADESH,BARWANI,701.2,20.3,35.0
MADHYA PRADESH,ASHOKNAGAR,926.7,20.77,40.725
MADHYA PRADESH,BURHANPUR,889.1,20.8,42.0
MADHYA PRADESH,ALIRAJPUR,863.6,20.77,40.725
MADHYA PRADESH,BALAGHAT,1481.6,19.6,34.0
MADHYA PRADESH,CHHATARPUR,1081.4,17.7,61.0
MADHYA PRADESH,CHHINDWARA,1021.6,20.77,40.725
MADHYA PRADESH,JABALPUR,1192.4,20.77,40.725
MADHYA PRADESH,MANDLA,1397.0,20.77,40.725
MADHYA PRADESH,NARSINGHPUR,1146.4,20.77,40.725
MADHYA PRADESH,PANNA,1171.7,20.77,40.725
MADHYA PRADESH,REWA,1068.5,20.77,40.725
MADHYA PRADESH,SAGAR,1192.2,20.77,40.725
MADHYA PRADESH,SATNA,1056.1,20.77,40.725
MADHYA PRADESH,SEONI,1191.8,20.77,40.725
MADHYA PRADESH,SHAHDOL,1109.9,20.77,40.725
MADHYA PRADESH,SIDHI,1127.0,20.77,40.725
MADHYA PRADESH,TIKAMGARH,938.5,20.77,40.725
MADHYA PRADESH,KATNI,1141.1,20.77,40.725
MADHYA PRADESH,DINDORI,1336.7,20.77,40.725
MADHYA PRADESH,UMARIA,1235.7,20.77,40.725
MADHYA PRADESH,DAMOH,1180.6,20.77,40.725
MADHYA PRADESH,ANUPPUR,1354.5,20.77,40.725
MADHYA PRADESH,SINGRAULI,921.2,20.77,40.725
GUJARAT,AHMEDABAD,639.9,21.4,40.0
GUJARAT,BANASKANTHA,598.4,15.5,36.0
GUJARAT,VADODARA,992.2,22.2425,38.825
GUJARAT,BHARUCH,824.9,20.2,35.0
GUJARAT,VALSAD,2021.7,22.2425,38.825
GUJARAT,DANG,2063.0,22.2425,38.825
GUJARAT,KHEDA,850.1,22.2425,38.825
GUJARAT,MEHSANA,692.7,22.2425,38.825
GUJARAT,PANCHMAHALS,959.3,22.2425,38.825
GUJARAT,SABARKANTHA,816.3,22.2425,38.825
GUJARAT,SURAT,1304.7,22.2425,38.825
GUJARAT,GANDHINAGAR,752.7,22.2425,38.825
GUJARAT,NARMADA,1143.7,22.2425,38.825
GUJARAT,NAVSARI,1866.4,22.2425,38.825
GUJARAT,ANAND,834.6,22.2425,38.825
GUJARAT,PATAN,539.6,22.2425,38.825
GUJARAT,DAHOD,903.6,22.2425,38.825
GUJARAT,TAPI,1536.0,22.2425,38.825
GUJARAT,AMRELI,567.3,18.8,37.0
GUJARAT,BHAVNAGAR,578.3,20.2,43.0
GUJARAT,JAMNAGAR,498.0,22.2425,38.825
GUJARAT,JUNAGADH,830.4,22.2425,38.825
GUJARAT,KUTCH,388.8,22.2425,38.825
GUJARAT,RAJKOT,579.1,22.2425,38.825
GUJARAT,SURENDRANAGAR,534.6,22.2425,38.825
GUJARAT,PORBANDAR,716.6,22.2425,38.825
DADRA AND NAGAR HAVELI AND DAMAN AND DIU,DADRA AND NAGAR HAVELI,2374.1,19.37040157404953,51.673764245958125
DADRA AND NAGAR HAVELI AND DAMAN AND DIU,DAMAN,2374.1,19.37040157404953,51.673764245958125
DADRA AND NAGAR HAVELI AND DAMAN AND DIU,DIU,697.3,19.37040157404953,51.673764245958125
MAHARASHTRA,MUMBAI CITY,2257.5,22.9575,37.95
MAHARASHTRA,RAIGAD,3278.9,22.9575,37.95
MAHARASHTRA,RATNAGIRI,3470.6,22.9575,37.95
MAHARASHTRA,THANE,2542.1,22.9575,37.95
MAHARASHTRA,SINDHUDURG,3269.2,22.9575,37.95
MAHARASHTRA,MUMBAI SUBURBAN,2257.5,22.9575,37.95
GOA,NORTH GOA,3471.4,24.6,66.0
GOA,SOUTH GOA,3085.6,24.6,66.0
MAHARASHTRA,AHMEDNAGAR,573.2,22.8,27.0
MAHARASHTRA,DHULE,607.2,22.8,36.0
MAHARASHTRA,JALGAON,730.9,22.9575,37.95
MAHARASHTRA,KOLHAPUR,1992.8,22.9575,37.95
MAHARASHTRA,NASHIK,1029.6,22.9575,37.95
MAHARASHTRA,PUNE,1015.7,22.9575,37.95
MAHARASHTRA,SANGLI,730.6,22.9575,37.95
MAHARASHTRA,SATARA,912.5,22.9575,37.95
MAHARASHTRA,SOLAPUR,646.5,22.9575,37.95
MAHARASHTRA,NANDURBAR,890.7,22.9575,37.95
MAHARASHTRA,AURANGABAD,716.2,21.3,73.0
MAHARASHTRA,BEED,708.4,13.2,44.0
MAHARASHTRA,NANDED,961.1,22.9575,37.95
MAHARASHTRA,OSMANABAD,779.3,22.9575,37.95
MAHARASHTRA,PARBHANI,897.0,22.9575,37.95
MAHARASHTRA,LATUR,910.0,22.9575,37.95
MAHARASHTRA,JALNA,729.7,22.9575,37.95
MAHARASHTRA,HINGOLI,979.4,22.9575,37.95
MAHARASHTRA,AKOLA,815.4,23.1,30.0
MAHARASHTRA,AMRAVATI,897.4,22.8,30.0
MAHARASHTRA,BHANDARA,1292.7,21.7,30.0
MAHARASHTRA,BULDHANA,746.9,27.0,61.0
MAHARASHTRA,CHANDRAPUR,1272.0,22.3,38.0
MAHARASHTRA,NAGPUR,1068.4,22.9575,37.95
MAHARASHTRA,YAVATMAL,982.8,22.9575,37.95
MAHARASHTRA,WARDHA,1027.0,22.9575,37.95
MAHARASHTRA,GADCHIROLI,1449.8,27.0,61.0
MAHARASHTRA,WASHIM,940.9,22.9575,37.95
MAHARASHTRA,GONDIA,1370.7,22.9575,37.95
CHHATTISGARH,BASTAR,1362.6,19.37040157404953,51.673764245958125
CHHATTISGARH,BILASPUR,1229.0,19.37040157404953,51.673764245958125
CHHATTISGARH,DURG,1122.9,19.37040157404953,51.673764245958125
CHHATTISGARH,RAIGARH,1269.9,19.37040157404953,51.673764245958125
CHHATTISGARH,RAIPUR,1164.6,19.37040157404953,51.673764245958125
CHHATTISGARH,SURGUJA,1331.9,19.37040157404953,51.673764245958125
CHHATTISGARH,RAJNANDGAON,1209.3,19.37040157404953,51.673764245958125
CHHATTISGARH,DANTEWADA,1327.9,19.37040157404953,51.673764245958125
CHHATTISGARH,KANKER,1395.2,19.37040157404953,51.673764245958125
CHHATTISGARH,JANJGIR-CHAMPA,1315.8,19.37040157404953,51.673764245958125
CHHATTISGARH,KORBA,1385.5,19.37040157404953,51.673764245958125
CHHATTISGARH,JASHPUR,1544.4,19.37040157404953,51.673764245958125
CHHATTISGARH,DHAMTARI,1168.6,19.37040157404953,51.673764245958125
CHHATTISGARH,MAHASAMUND,1141.3,19.37040157404953,51.673764245958125
CHHATTISGARH,KORIYA,1223.4,19.37040157404953,51.673764245958125
CHHATTISGARH,KABIRDHAM,1029.3,19.37040157404953,51.673764245958125
CHHATTISGARH,NARAYANPUR,1404.5,19.37040157404953,51.673764245958125
CHHATTISGARH,BIJAPUR,1528.2,19.37040157404953,51.673764245958125
ANDHRA PRADESH,EAST GODAVARI,1106.0,19.4,86.0
ANDHRA PRADESH,WEST GODAVARI,1160.4,23.0075,65.725
ANDHRA PRADESH,GUNTUR,871.5,22.3,88.0
ANDHRA PRADESH,KRISHNA,1027.1,22.3,88.0
ANDHRA PRADESH,NELLORE,1091.6,23.0075,65.725
ANDHRA PRADESH,PRAKASAM,805.9,27.0,61.0
ANDHRA PRADESH,SRIKAKULAM,1165.2,20.8,78.0
ANDHRA PRADESH,VISAKHAPATNAM,1120.7,23.3,67.0
ANDHRA PRADESH,VIZIANAGARAM,1140.4,19.9,77.0
ANDHRA PRADESH,ADILABAD,1120.0,23.0075,65.725
ANDHRA PRADESH,HYDERABAD,851.3,23.0075,65.725
ANDHRA PRADESH,KARIMNAGAR,979.8,23.0075,65.725
ANDHRA PRADESH,KHAMMAM,1094.9,23.0075,65.725
ANDHRA PRADESH,MAHABUBNAGAR,731.1,23.0075,65.725
ANDHRA PRADESH,MEDAK,922.3,23.0075,65.725
ANDHRA PRADESH,NALGONDA,760.5,23.0075,65.725
ANDHRA PRADESH,NIZAMABAD,1091.9,23.0075,65.725
ANDHRA PRADESH,WARANGAL,986.9,23.0075,65.725
ANDHRA PRADESH,RANGAREDDY,841.8,23.0075,65.725
ANDHRA PRADESH,ANANTAPUR,572.7,22.1,64.0
ANDHRA PRADESH,CHITTOOR,898.2,18.5,93.0
ANDHRA PRADESH,YSR KADAPA,716.9,23.0075,65.725
ANDHRA PRADESH,KURNOOL,679.6,21.8,66.0
TAMIL NADU,VELLORE,936.2,23.9275,72.8
TAMIL NADU,COIMBATORE,689.3,24.4,69.0
TAMIL NADU,DHARMAPURI,902.1,18.7,83.0
TAMIL NADU,KANYAKUMARI,1302.5,23.9275,72.8
TAMIL NADU,CHENNAI,1324.2,25.2,79.0
TAMIL NADU,MADURAI,927.9,23.9275,72.8
TAMIL NADU,NILGIRIS,1522.7,23.9275,72.8
TAMIL NADU,RAMANATHAPURAM,807.8,23.9275,72.8
TAMIL NADU,SALEM,997.9,23.9275,72.8
TAMIL NADU,THANJAVUR,1013.1,23.9275,72.8
TAMIL NADU,TIRUCHIRAPPALLI,818.0,23.9275,72.8
TAMIL NADU,TIRUNELVELI,845.1,23.9275,72.8
TAMIL NADU,ERODE,702.9,22.4,75.0
TAMIL NADU,PUDUKKOTTAI,887.4,23.9275,72.8
TAMIL NADU,DINDIGUL,930.7,24.2,89.0
TAMIL NADU,VIRUDHUNAGAR,820.1,23.9275,72.8
TAMIL NADU,SIVAGANGA,872.8,23.9275,72.8
TAMIL NADU,THOOTHUKUDI,656.3,23.9275,72.8
TAMIL NADU,TIRUVANNAMALAI,1040.0,23.9275,72.8
TAMIL NADU,NAGAPATTINAM,1393.3,23.9275,72.8
TAMIL NADU,VILUPPURAM,1011.6,23.9275,72.8
TAMIL NADU,CUDDALORE,1206.7,24.3,74.0
TAMIL NADU,KANCHIPURAM,1227.7,25.2,79.0
TAMIL NADU,TIRUVALLUR,1139.6,23.9275,72.8
TAMIL NADU,THENI,720.0,23.9275,72.8
TAMIL NADU,NAMAKKAL,793.4,23.9275,72.8
TAMIL NADU,KARUR,655.0,23.9275,72.8
TAMIL NADU,PERAMBALUR,861.9,23.9275,72.8
TAMIL NADU,TIRUVARUR,1173.3,23.9275,72.8
TAMIL NADU,KRISHNAGIRI,850.7,23.9275,72.8
TAMIL NADU,ARIYALUR,1071.8,24.3,89.0
TAMIL NADU,TIRUPUR,618.2,23.9275,72.8
PUDUCHERRY,PUDUCHERRY,1336.5,19.37040157404953,51.673764245958125
PUDUCHERRY,KARAIKAL,1504.4,19.37040157404953,51.673764245958125
PUDUCHERRY,MAHE,1336.5,19.37040157404953,51.673764245958125
PUDUCHERRY,YANAM,1336.5,19.37040157404953,51.673764245958125
KARNATAKA,UTTAR KANNADA,3070.5,23.380000000000003,48.875
KARNATAKA,DAKSHINA KANNADA,3915.8,23.380000000000003,48.875
KARNATAKA,UDUPI,4306.0,23.380000000000003,48.875
KARNATAKA,BELAGAVI,839.2,23.380000000000003,48.875
KARNATAKA,BIDAR,890.7,21.1,48.0
KARNATAKA,VIJAYAPURA,656.4,23.380000000000003,48.875
KARNATAKA,DHARWAD,791.7,23.380000000000003,48.875
KARNATAKA,KALABURAGI,820.6,23.380000000000003,48.875
KARNATAKA,YADGIR,834.5,23.380000000000003,48.875
KARNATAKA,RAICHUR,665.1,23.380000000000003,48.875
KARNATAKA,BAGALKOTE,597.0,23.380000000000003,48.875
KARNATAKA,GADAG,641.2,23.380000000000003,48.875
KARNATAKA,HAVERI,791.9,23.380000000000003,48.875
KARNATAKA,KOPPAL,598.3,23.380000000000003,48.875
KARNATAKA,BANGALORE RURAL,837.0,23.380000000000003,48.875
KARNATAKA,BALLARI,622.8,23.380000000000003,48.875
KARNATAKA,CHIKKAMAGALURU,2077.5,23.380000000000003,48.875
KARNATAKA,CHITRADURGA,527.7,22.3,47.0
KARNATAKA,KODAGU,2741.4,23.380000000000003,48.875
KARNATAKA,HASSAN,967.1,23.380000000000003,48.875
KARNATAKA,KOLAR,731.1,23.380000000000003,48.875
KARNATAKA,MANDYA,662.7,23.380000000000003,48.875
KARNATAKA,MYSURU,758.6,23.380000000000003,48.875
KARNATAKA,SHIVAMOGGA,1827.9,23.380000000000003,48.875
KARNATAKA,TUMKUR,698.5,23.380000000000003,48.875
KARNATAKA,BANGALORE URBAN,870.0,23.380000000000003,48.875
KARNATAKA,CHAMARAJANAGAR,788.4,23.380000000000003,48.875
KARNATAKA,DAVANGERE,676.7,23.380000000000003,48.875
KARNATAKA,RAMANAGARA,883.7,23.380000000000003,48.875
KARNATAKA,CHIKKABALLAPUR,748.5,23.380000000000003,48.875
KERALA,ALAPPUZHA,2841.2,26.3,75.0
KERALA,KANNUR,3319.1,25.47,72.775
KERALA,ERNAKULAM,3029.9,27.3,66.0
KERALA,KOTTAYAM,2930.5,23.2,89.0
KERALA,KOZHIKODE,3384.1,26.2,79.0
KERALA,MALAPPURAM,2835.1,26.2,79.0
KERALA,PALAKKAD,2290.0,24.1,69.0
KERALA,KOLLAM,2491.7,26.4,70.0
KERALA,THRISSUR,3063.1,25.47,72.775
KERALA,THIRUVANANTHAPURAM,1803.2,25.47,72.775
KERALA,IDUKKI,3302.5,19.7,92.0
KERALA,KASARGOD,3621.6,25.47,72.775
KERALA,PATHANAMTHITTA,2958.4,25.47,72.775
KERALA,WAYANAD,3253.1,25.47,72.775
LAKSHADWEEP,LAKSHADWEEP,1600.0,25.807142857142857,70.32142857142857
